identity,password,admin,23~11~2020~,25~11~2020~
U1900250B,Tw0AwLEfhrnrXGU48nDl8Q==,FALSE,,
U1900251B,2SsvIlJ/bWC6EKIrXkyZdQ==,FALSE,,
U1900252B,AyRjRskbIslc9FK1WQ48cA==,FALSE,,
U1900253B,xWLb/yR+G0kWo1QoC58b8A==,FALSE,,
U1900254B,vSYLj3y3VkJmLqisYzcfpg==,FALSE,,
U1900255B,Y9YizocyMYhxjwBtXv4o1g==,FALSE,,
U1900256B,jvVwo20QOnbGCQsFj/O0Kg==,FALSE,,
U1900257B,BSM5uxj8frUl7n6PXYOG7Q==,FALSE,,
U1900258B,AMxxxrTWy1fkH8Pv+ksDUg==,FALSE,,
U1900259B,dpRxOHATWDbthgyt6Y5IaA==,FALSE,,
U1900260B,Dazh9ztJYw0EkJ22fxfhMQ==,FALSE,,
U1900261B,p1bgMRVY0VENaBkwsaLuXA==,FALSE,,
U1900262B,h8VBB/utAc3Xhcz057LnPg==,FALSE,,
U1900263B,WwlhUhqIvF5MyrhvLJoQBA==,FALSE,,
U1900264B,eX+Qzqve41J98tpgsCtSXA==,FALSE,,
A1234567B,hMDEhF750rnPj+zHYzoDwg==,TRUE,,
W12345,Q3FQai4qXqsEPHAjSqiwMA==,FALSE,,
U1888888R,1b7AknxmjJrSpBvn/ynRVQ==,FALSE